{"rights": ["read"], "viewType": "tabular", "grants": [{"type": "viewer", "inherited": false, "flags": ["public"]}], "hideFromDataJson": false, "tableId": 15031310, "license": {"name": "Public Domain U.S. Government", "termsLink": "https://www.usa.gov/government-works"}, "oid": 28446330, "tags": ["inspection", "restaurant", "market", "grocery", "health"], "publicationAppendEnabled": false, "publicationGroup": 15031310, "id": "29fd-3paw", "viewLastModified": 1523318022, "downloadCount": 306, "metadata": {"rowIdentifier": 353613155, "rdfClass": "", "rdfSubject": "0", "rowLabel": "Health inspection", "availableDisplayTypes": ["table", "fatrow", "page"], "custom_fields": {"Data Owner": {"Department": "Mayor's Office"}, "Committed Update Frequency": {"Refresh rate": "Quarterly"}, "Location Specified": {"Does this data have a Location column? (Yes or No)": "No"}}, "renderTypeConfig": {"visible": {"table": true}}}, "hideFromCatalog": false, "description": "This dataset contains Environmental Health Inspection Results for Restaurants and Markets in the City of Los Angeles. Los Angeles County Environmental Health is responsible for inspections and enforcement activities for all unincorporated areas and 85 of the 88 cities in the County. This dataset is filtered from County data to include only facilities in the City of Los Angeles. The full dataset is available at https://data.lacounty.gov/Health/LOS-ANGELES-COUNTY-RESTAURANT-AND-MARKET-INSPECTIO/6ni6-h5kp.", "numberOfComments": 0, "rowsUpdatedBy": "nnac-z9x3", "provenance": "official", "columns": [{"tableColumnId": 63492030, "name": "serial_number", "position": 1, "cachedContents": {"smallest": "DA000ADVG", "top": [{"count": 20, "item": "DAYRR3VCQ"}, {"count": 19, "item": "DAPBA55LZ"}, {"count": 18, "item": "DALJITLNG"}, {"count": 17, "item": "DAPEAYPHM"}, {"count": 16, "item": "DAJOXEGYS"}, {"count": 15, "item": "DABRZUOC0"}, {"count": 14, "item": "DA9SAN0LE"}, {"count": 13, "item": "DAVUGNEDP"}, {"count": 12, "item": "DAHP25N40"}, {"count": 11, "item": "DAYRQUOPJ"}, {"count": 10, "item": "DAONH0ZDL"}, {"count": 9, "item": "DAERSK0Q9"}, {"count": 8, "item": "DAR7KO73B"}, {"count": 7, "item": "DAFLYALQR"}, {"count": 6, "item": "DAHZMBVOB"}, {"count": 5, "item": "DAWZSHUWE"}, {"count": 4, "item": "DAFVS70RR"}, {"count": 3, "item": "DADBBINQ7"}, {"count": 2, "item": "DANYBWCOO"}, {"count": 1, "item": "DA4X7CPBS"}], "non_null": 58872, "largest": "DAZZZIUDW", "null": 0}, "dataTypeName": "text", "width": 256, "format": {}, "fieldName": "serial_number", "renderTypeName": "text", "id": 353613155}, {"tableColumnId": 63492013, "name": "activity_date", "position": 2, "cachedContents": {"smallest": "2015-07-01T00:00:00", "top": [{"count": 20, "item": "2018-03-28T00:00:00"}, {"count": 19, "item": "2018-03-21T00:00:00"}, {"count": 18, "item": "2018-03-20T00:00:00"}, {"count": 17, "item": "2018-03-08T00:00:00"}, {"count": 16, "item": "2018-03-07T00:00:00"}, {"count": 15, "item": "2018-03-06T00:00:00"}, {"count": 14, "item": "2018-02-27T00:00:00"}, {"count": 13, "item": "2018-02-22T00:00:00"}, {"count": 12, "item": "2018-02-21T00:00:00"}, {"count": 11, "item": "2018-02-20T00:00:00"}, {"count": 10, "item": "2018-02-15T00:00:00"}, {"count": 9, "item": "2018-02-14T00:00:00"}, {"count": 8, "item": "2018-02-13T00:00:00"}, {"count": 7, "item": "2018-02-08T00:00:00"}, {"count": 6, "item": "2018-02-07T00:00:00"}, {"count": 5, "item": "2018-02-06T00:00:00"}, {"count": 4, "item": "2018-02-01T00:00:00"}, {"count": 3, "item": "2018-01-30T00:00:00"}, {"count": 2, "item": "2018-01-25T00:00:00"}, {"count": 1, "item": "2018-01-24T00:00:00"}], "non_null": 58872, "largest": "2018-03-30T00:00:00", "null": 0}, "dataTypeName": "calendar_date", "width": 256, "format": {"view": "default_date_time"}, "fieldName": "activity_date", "renderTypeName": "calendar_date", "id": 353613138}, {"tableColumnId": 63492018, "name": "facility_name", "position": 3, "cachedContents": {"smallest": ".88$ AND MORE ASIAN GROCERY", "top": [{"count": 20, "item": "MORRISON HEALTH CARE"}, {"count": 19, "item": "VONS MARKET #2100"}, {"count": 18, "item": "GRILL CITY & CRISPY TOWN MAIN KITCHEN"}, {"count": 17, "item": "JULIE'S PIZZERIA"}, {"count": 16, "item": "UGLY ROLL JAPANESE CUISINE"}, {"count": 15, "item": "SAN HING"}, {"count": 14, "item": "MAMA HONG'S VIETNAMESE KITCHEN"}, {"count": 13, "item": "FIST OF FUSION"}, {"count": 12, "item": "HARVEY'S SANDWICH"}, {"count": 11, "item": "HU'S  RESTAURANT"}, {"count": 10, "item": "SIMPANG ASIA"}, {"count": 9, "item": "EL NOPAL"}, {"count": 8, "item": "CAFE BRAZIL"}, {"count": 7, "item": "SIMPLY SALAD"}, {"count": 6, "item": "LEMONADE"}, {"count": 5, "item": "THE ORIGINAL MARIA'S ITALIAN KITCHEN, LLC."}, {"count": 4, "item": "INDIAS OVEN"}, {"count": 3, "item": "THE PALACE RESTAURANT"}, {"count": 2, "item": "THAI BAMBOO CUISINE"}, {"count": 1, "item": "SOUPLANTATION"}], "non_null": 58872, "largest": "ZZAMONG", "null": 0}, "dataTypeName": "text", "width": 256, "format": {}, "fieldName": "facility_name", "renderTypeName": "text", "id": 353613143}, {"tableColumnId": 63492029, "name": "score", "position": 4, "cachedContents": {"smallest": "64", "sum": "5493224", "average": "93.30792227204783", "largest": "100", "null": 0, "top": [{"count": 20, "item": "95"}, {"count": 19, "item": "92"}, {"count": 18, "item": "93"}, {"count": 17, "item": "94"}, {"count": 16, "item": "96"}, {"count": 15, "item": "91"}, {"count": 14, "item": "97"}, {"count": 13, "item": "98"}, {"count": 12, "item": "90"}, {"count": 11, "item": "100"}, {"count": 10, "item": "81"}, {"count": 9, "item": "85"}, {"count": 8, "item": "89"}, {"count": 7, "item": "82"}, {"count": 6, "item": "84"}, {"count": 5, "item": "86"}, {"count": 4, "item": "99"}, {"count": 3, "item": "80"}, {"count": 2, "item": "83"}, {"count": 1, "item": "78"}], "non_null": 58872}, "dataTypeName": "number", "width": 160, "format": {"decimalSeparator": ".", "groupSeparator": ","}, "fieldName": "score", "renderTypeName": "number", "id": 353613154}, {"tableColumnId": 63492021, "name": "grade", "position": 5, "cachedContents": {"smallest": " ", "top": [{"count": 20, "item": "A"}, {"count": 19, "item": "B"}, {"count": 18, "item": "C"}, {"count": 17, "item": " "}], "non_null": 58872, "largest": "C", "null": 0}, "dataTypeName": "text", "width": 160, "format": {}, "fieldName": "grade", "renderTypeName": "text", "id": 353613146}, {"tableColumnId": 63492031, "name": "service_code", "position": 6, "cachedContents": {"smallest": "1", "sum": "455272", "average": "7.733251800516375", "largest": "401", "null": 0, "top": [{"count": 20, "item": "1"}, {"count": 19, "item": "401"}], "non_null": 58872}, "dataTypeName": "number", "width": 244, "format": {"decimalSeparator": ".", "groupSeparator": ","}, "fieldName": "service_code", "renderTypeName": "number", "id": 353613156}, {"tableColumnId": 63492032, "name": "service_description", "position": 7, "cachedContents": {"smallest": "OWNER INITIATED ROUTINE INSPECT.", "top": [{"count": 20, "item": "ROUTINE INSPECTION"}, {"count": 19, "item": "OWNER INITIATED ROUTINE INSPECT."}], "non_null": 58872, "largest": "ROUTINE INSPECTION", "null": 0}, "dataTypeName": "text", "width": 328, "format": {}, "fieldName": "service_description", "renderTypeName": "text", "id": 353613157}, {"tableColumnId": 63492014, "name": "employee_id", "position": 8, "cachedContents": {"smallest": "EE0000006", "top": [{"count": 20, "item": "EE0000923"}, {"count": 19, "item": "EE0000884"}, {"count": 18, "item": "EE0000721"}, {"count": 17, "item": "EE0000740"}, {"count": 16, "item": "EE0000633"}, {"count": 15, "item": "EE0000366"}, {"count": 14, "item": "EE0000727"}, {"count": 13, "item": "EE0000360"}, {"count": 12, "item": "EE0000912"}, {"count": 11, "item": "EE0000468"}, {"count": 10, "item": "EE0000946"}, {"count": 9, "item": "EE0000997"}, {"count": 8, "item": "EE0001025"}, {"count": 7, "item": "EE0001048"}, {"count": 6, "item": "EE0000951"}, {"count": 5, "item": "EE0000659"}, {"count": 4, "item": "EE0000835"}, {"count": 3, "item": "EE0000531"}, {"count": 2, "item": "EE0000338"}, {"count": 1, "item": "EE0000798"}], "non_null": 58872, "largest": "EE0001073", "null": 0}, "dataTypeName": "text", "width": 232, "format": {}, "fieldName": "employee_id", "renderTypeName": "text", "id": 353613139}, {"tableColumnId": 63492015, "name": "facility_address", "position": 9, "cachedContents": {"smallest": "00328 E 1ST ST", "top": [{"count": 20, "item": "2051 MARENGO ST"}, {"count": 19, "item": "9860 NATIONAL BLVD"}, {"count": 18, "item": "2700 COLORADO BLVD"}, {"count": 17, "item": "11140 PALMS BLVD"}, {"count": 16, "item": "11128 PALMS BLVD"}, {"count": 15, "item": "11136 PALMS BLVD"}, {"count": 14, "item": "11819 WILSHIRE BLVD STE 106B"}, {"count": 13, "item": "6801 HOLLYWOOD BLVD # 322"}, {"count": 12, "item": "3503 MOTOR AVE"}, {"count": 11, "item": "10450 NATIONAL BLVD"}, {"count": 10, "item": "10433 NATIONAL BLVD STE #2"}, {"count": 9, "item": "10426 NATIONAL BLVD"}, {"count": 8, "item": "10831 VENICE BLVD"}, {"count": 7, "item": "11726 SAN VICENTE BLVD # 150"}, {"count": 6, "item": "145 S BARRINGTON AVE"}, {"count": 5, "item": "11723 BARRINGTON CT"}, {"count": 4, "item": "11645 WILSHIRE BLVD STE #200"}, {"count": 3, "item": "11701 WILSHIRE BLVD STE #13"}, {"count": 2, "item": "11755 WILSHIRE BLVD"}, {"count": 1, "item": "11911 SAN VICENTE BLVD STE 116"}], "non_null": 58872, "largest": "OLVERA ST W17", "null": 0}, "dataTypeName": "text", "width": 292, "format": {}, "fieldName": "facility_address", "renderTypeName": "text", "id": 353613140}, {"tableColumnId": 63492016, "name": "facility_city", "position": 10, "cachedContents": {"smallest": "LOS ANGELES", "top": [{"count": 20, "item": "LOS ANGELES"}], "non_null": 58872, "largest": "LOS ANGELES", "null": 0}, "dataTypeName": "text", "width": 256, "format": {}, "fieldName": "facility_city", "renderTypeName": "text", "id": 353613141}, {"tableColumnId": 63492017, "name": "facility_id", "position": 11, "cachedContents": {"smallest": "FA0000968", "top": [{"count": 20, "item": "FA0067207"}, {"count": 19, "item": "FA0053921"}, {"count": 18, "item": "FA0249604"}, {"count": 17, "item": "FA0064573"}, {"count": 16, "item": "FA0038918"}, {"count": 15, "item": "FA0070050"}, {"count": 14, "item": "FA0163108"}, {"count": 13, "item": "FA0244368"}, {"count": 12, "item": "FA0156119"}, {"count": 11, "item": "FA0138598"}, {"count": 10, "item": "FA0047884"}, {"count": 9, "item": "FA0020950"}, {"count": 8, "item": "FA0006913"}, {"count": 7, "item": "FA0242113"}, {"count": 6, "item": "FA0021840"}, {"count": 5, "item": "FA0172391"}, {"count": 4, "item": "FA0018012"}, {"count": 3, "item": "FA0072411"}, {"count": 2, "item": "FA0051567"}, {"count": 1, "item": "FA0245109"}], "non_null": 58872, "largest": "FA0258145", "null": 0}, "dataTypeName": "text", "width": 232, "format": {}, "fieldName": "facility_id", "renderTypeName": "text", "id": 353613142}, {"tableColumnId": 63492019, "name": "facility_state", "position": 12, "cachedContents": {"smallest": "CA", "top": [{"count": 20, "item": "CA"}], "non_null": 58872, "largest": "CA", "null": 0}, "dataTypeName": "text", "width": 268, "format": {}, "fieldName": "facility_state", "renderTypeName": "text", "id": 353613144}, {"tableColumnId": 63492020, "name": "facility_zip", "position": 13, "cachedContents": {"smallest": "90001", "top": [{"count": 20, "item": "90045"}, {"count": 19, "item": "90028"}, {"count": 18, "item": "90015"}, {"count": 17, "item": "90036"}, {"count": 16, "item": "90025"}, {"count": 15, "item": "90012"}, {"count": 14, "item": "90027"}, {"count": 13, "item": "90006"}, {"count": 12, "item": "90020"}, {"count": 11, "item": "90005"}, {"count": 10, "item": "90022"}, {"count": 9, "item": "90064"}, {"count": 8, "item": "90004"}, {"count": 7, "item": "90029"}, {"count": 6, "item": "90007"}, {"count": 5, "item": "90024"}, {"count": 4, "item": "90038"}, {"count": 3, "item": "90011"}, {"count": 2, "item": "90048"}, {"count": 1, "item": "90046"}], "non_null": 58872, "largest": "92880", "null": 0}, "dataTypeName": "text", "width": 244, "format": {}, "fieldName": "facility_zip", "renderTypeName": "text", "id": 353613145}, {"tableColumnId": 63492022, "name": "owner_id", "position": 14, "cachedContents": {"smallest": "OW0000002", "top": [{"count": 20, "item": "OW0038181"}, {"count": 19, "item": "OW0025135"}, {"count": 18, "item": "OW0229162"}, {"count": 17, "item": "OW0243832"}, {"count": 16, "item": "OW0126778"}, {"count": 15, "item": "OW0239578"}, {"count": 14, "item": "OW0121371"}, {"count": 13, "item": "OW0101939"}, {"count": 12, "item": "OW0032957"}, {"count": 11, "item": "OW0037349"}, {"count": 10, "item": "OW0011842"}, {"count": 9, "item": "OW0005379"}, {"count": 8, "item": "OW0021514"}, {"count": 7, "item": "OW0179424"}, {"count": 6, "item": "OW0033120"}, {"count": 5, "item": "OW0020268"}, {"count": 4, "item": "OW0007071"}, {"count": 3, "item": "OW0240226"}, {"count": 2, "item": "OW0030333"}, {"count": 1, "item": "OW0018550"}], "non_null": 58872, "largest": "OW0250394", "null": 0}, "dataTypeName": "text", "width": 196, "format": {}, "fieldName": "owner_id", "renderTypeName": "text", "id": 353613147}, {"tableColumnId": 63492023, "name": "owner_name", "position": 15, "cachedContents": {"smallest": "#1 CAFE INC", "top": [{"count": 20, "item": "THE VONS COMPANIES INC."}, {"count": 19, "item": "MORRISON MGMT SPECIALISTS"}, {"count": 18, "item": "DN DAKOTA / JME LAX 8589 FARMERS, LLC"}, {"count": 17, "item": "A & B AZUSA, INC"}, {"count": 16, "item": "MAMA'S BOYS RESTAURANTS, INC."}, {"count": 15, "item": "FIST OF FUSION RESTAURANTS, INC."}, {"count": 14, "item": "HARVEY'S SAND INC."}, {"count": 13, "item": "KSH-ESH LLC"}, {"count": 12, "item": "SIMPANG ASIA, LLC"}, {"count": 11, "item": "VASQUEZ IVAN A."}, {"count": 10, "item": "FILMO MARCELINO"}, {"count": 9, "item": "BT LEWIS ENTERPRISES, LLC"}, {"count": 8, "item": "LEMONADE RESTAURANT GROUP LLC"}, {"count": 7, "item": "MARIA'S HOLDINGS CORP."}, {"count": 6, "item": "SITHEEK, INC."}, {"count": 5, "item": "L.Y.L. GARDEN AFFILIATION, I"}, {"count": 4, "item": "CHANTASIRIVIAL, SOMBAT"}, {"count": 3, "item": "GARDEN FRESH RESTAURANTS, LLC"}, {"count": 2, "item": "ROAST INC."}, {"count": 1, "item": "KATSU USA, LLC"}], "non_null": 58872, "largest": "ZYJ CORP", "null": 0}, "dataTypeName": "text", "width": 220, "format": {}, "fieldName": "owner_name", "renderTypeName": "text", "id": 353613148}, {"tableColumnId": 63492024, "name": "pe_description", "position": 16, "cachedContents": {"smallest": "FOOD MKT RETAIL (2,000+ SF) HIGH RISK", "top": [{"count": 20, "item": "RESTAURANT (0-30) SEATS MODERATE RISK"}, {"count": 19, "item": "RESTAURANT (0-30) SEATS LOW RISK"}, {"count": 18, "item": "RESTAURANT (61-150) SEATS LOW RISK"}, {"count": 17, "item": "RESTAURANT (61-150) SEATS HIGH RISK"}, {"count": 16, "item": "FOOD MKT RETAIL (25-1,999 SF) LOW RISK"}, {"count": 15, "item": "RESTAURANT (0-30) SEATS HIGH RISK"}, {"count": 14, "item": "FOOD MKT RETAIL (2,000+ SF) LOW RISK"}, {"count": 13, "item": "RESTAURANT (31-60) SEATS HIGH RISK"}, {"count": 12, "item": "FOOD MKT RETAIL (25-1,999 SF) MODERATE RISK"}, {"count": 11, "item": "RESTAURANT (151 + ) SEATS MODERATE RISK"}, {"count": 10, "item": "RESTAURANT (61-150) SEATS MODERATE RISK"}, {"count": 9, "item": "RESTAURANT (151 + ) SEATS HIGH RISK"}, {"count": 8, "item": "FOOD MKT RETAIL (25-1,999 SF) HIGH RISK"}, {"count": 7, "item": "RESTAURANT (31-60) SEATS MODERATE RISK"}, {"count": 6, "item": "FOOD MKT RETAIL (2,000+ SF) HIGH RISK"}, {"count": 5, "item": "FOOD MKT RETAIL (2,000+ SF) MODERATE RISK"}, {"count": 4, "item": "RESTAURANT (31-60) SEATS LOW RISK"}, {"count": 3, "item": "RESTAURANT (151 + ) SEATS LOW RISK"}], "non_null": 58872, "largest": "RESTAURANT (61-150) SEATS MODERATE RISK", "null": 0}, "dataTypeName": "text", "width": 268, "format": {}, "fieldName": "pe_description", "renderTypeName": "text", "id": 353613149}, {"tableColumnId": 63492025, "name": "program_element_pe", "position": 17, "cachedContents": {"smallest": "1610", "sum": "95931293", "average": "1629.489281831771", "largest": "1641", "null": 0, "top": [{"count": 20, "item": "1631"}, {"count": 19, "item": "1630"}, {"count": 18, "item": "1636"}, {"count": 17, "item": "1638"}, {"count": 16, "item": "1610"}, {"count": 15, "item": "1632"}, {"count": 14, "item": "1613"}, {"count": 13, "item": "1635"}, {"count": 12, "item": "1611"}, {"count": 11, "item": "1640"}, {"count": 10, "item": "1637"}, {"count": 9, "item": "1641"}, {"count": 8, "item": "1612"}, {"count": 7, "item": "1634"}, {"count": 6, "item": "1615"}, {"count": 5, "item": "1614"}, {"count": 4, "item": "1633"}, {"count": 3, "item": "1639"}], "non_null": 58872}, "dataTypeName": "number", "width": 316, "format": {"decimalSeparator": ".", "groupSeparator": ","}, "fieldName": "program_element_pe", "renderTypeName": "number", "id": 353613150}, {"tableColumnId": 63492026, "name": "program_name", "position": 18, "cachedContents": {"smallest": ".88$ AND MORE ASIAN GROCERY", "top": [{"count": 20, "item": "SIMPANG ASIA"}, {"count": 19, "item": "EL NOPAL"}, {"count": 18, "item": "CAFE BRAZIL"}, {"count": 17, "item": "SIMPLY SALAD"}, {"count": 16, "item": "LEMONADE"}, {"count": 15, "item": "THE ORIGINAL MARIA'S ITALIAN KITCHEN, LLC."}, {"count": 14, "item": "INDIAS OVEN"}, {"count": 13, "item": "THE PALACE RESTAURANT"}, {"count": 12, "item": "THAI BAMBOO CUISINE"}, {"count": 11, "item": "SOUPLANTATION"}, {"count": 10, "item": "ROAST"}, {"count": 9, "item": "KATSUYA"}, {"count": 8, "item": "SOR TINO RISTORANTE"}, {"count": 7, "item": "GAUCHO GRILL"}, {"count": 6, "item": "LAZY DAISY CAFE"}, {"count": 5, "item": "EARLY WORLD"}, {"count": 4, "item": "CABO CANTINA"}, {"count": 3, "item": "BURGER KING #919"}, {"count": 2, "item": "WAHOO'S FISH TACO"}, {"count": 1, "item": "PIZZA HUT"}], "non_null": 58862, "largest": "ZZAMONG", "null": 10}, "dataTypeName": "text", "width": 244, "format": {}, "fieldName": "program_name", "renderTypeName": "text", "id": 353613151}, {"tableColumnId": 63492027, "name": "program_status", "position": 19, "cachedContents": {"smallest": "ACTIVE", "top": [{"count": 20, "item": "ACTIVE"}, {"count": 19, "item": "INACTIVE"}], "non_null": 58872, "largest": "INACTIVE", "null": 0}, "dataTypeName": "text", "width": 268, "format": {}, "fieldName": "program_status", "renderTypeName": "text", "id": 353613152}, {"tableColumnId": 63492028, "name": "record_id", "position": 20, "cachedContents": {"smallest": "PR0000005", "top": [{"count": 20, "item": "PR0008715"}, {"count": 19, "item": "PR0032743"}, {"count": 18, "item": "PR0198363"}, {"count": 17, "item": "PR0028519"}, {"count": 16, "item": "PR0012596"}, {"count": 15, "item": "PR0004325"}, {"count": 14, "item": "PR0151283"}, {"count": 13, "item": "PR0192652"}, {"count": 12, "item": "PR0143582"}, {"count": 11, "item": "PR0122933"}, {"count": 10, "item": "PR0012625"}, {"count": 9, "item": "PR0047622"}, {"count": 8, "item": "PR0018183"}, {"count": 7, "item": "PR0190265"}, {"count": 6, "item": "PR0006791"}, {"count": 5, "item": "PR0164944"}, {"count": 4, "item": "PR0005274"}, {"count": 3, "item": "PR0024197"}, {"count": 2, "item": "PR0028314"}, {"count": 1, "item": "PR0193485"}], "non_null": 58872, "largest": "PR0208131", "null": 0}, "dataTypeName": "text", "width": 208, "format": {}, "fieldName": "record_id", "renderTypeName": "text", "id": 353613153}], "licenseId": "USGOV_WORKS", "attributionLink": "https://data.lacounty.gov/Health/LOS-ANGELES-COUNTY-RESTAURANT-AND-MARKET-INSPECTIO/6ni6-h5kp", "locale": "en_US", "rowClass": "", "averageRating": 0, "totalTimesRated": 0, "createdAt": 1523312076, "attribution": "County of Los Angeles Public Health", "publicationDate": 1523317815, "rowIdentifierColumnId": 353613155, "viewCount": 223, "flags": ["default", "restorable", "restorePossibleForType"], "query": {}, "newBackend": false, "owner": {"displayName": "Adam Scherling", "type": "interactive", "id": "nnac-z9x3", "screenName": "Adam Scherling"}, "name": "Restaurant and Market Health Inspections", "tableAuthor": {"displayName": "Adam Scherling", "type": "interactive", "id": "nnac-z9x3", "screenName": "Adam Scherling"}, "category": "A Safe City", "rowsUpdatedAt": 1525280289, "publicationStage": "published", "displayType": "table", "indexUpdatedAt": 1525281631}