{"rights": ["read"], "viewType": "tabular", "grants": [{"type": "viewer", "inherited": false, "flags": ["public"]}], "hideFromDataJson": false, "tableId": 15064301, "license": {"name": "Public Domain U.S. Government", "termsLink": "https://www.usa.gov/government-works"}, "oid": 28577769, "tags": ["inspection", "violation", "restaurant", "market", "grocery", "health"], "publicationAppendEnabled": false, "publicationGroup": 15064236, "id": "ckya-qgys", "viewLastModified": 1524687940, "downloadCount": 171, "metadata": {"rowIdentifier": 356679674, "rdfClass": "", "rdfSubject": "0", "rowLabel": "Health code violation", "availableDisplayTypes": ["table", "fatrow", "page"], "custom_fields": {"Data Owner": {"Department": "Mayor's Office"}, "Committed Update Frequency": {"Refresh rate": "Quarterly"}, "Location Specified": {"Does this data have a Location column? (Yes or No)": "No"}}, "renderTypeConfig": {"visible": {"table": true}}}, "hideFromCatalog": false, "description": "This dataset contains Environmental Health Inspection Results for Restaurants and Markets in the City of Los Angeles. Los Angeles County Environmental Health is responsible for inspections and enforcement activities for all unincorporated areas and 85 of the 88 cities in the County. This dataset combines some of the fields from the County's inspection and violation data, and is filtered to include only facilities in the City of Los Angeles. The full datasets can be found at the following urls: \r\nhttps://data.lacounty.gov/Health/LOS-ANGELES-COUNTY-RESTAURANT-AND-MARKET-INSPECTIO/6ni6-h5kp\r\nhttps://data.lacounty.gov/Health/LOS-ANGELES-COUNTY-RESTAURANT-AND-MARKET-VIOLATION/8jyd-4pv9", "numberOfComments": 0, "rowsUpdatedBy": "nnac-z9x3", "provenance": "official", "columns": [{"tableColumnId": 64114853, "name": "serial_number", "position": 1, "cachedContents": {"smallest": "DA000ADVG", "top": [{"count": 20, "item": "DAXN6QHM5"}, {"count": 19, "item": "DANNGHZ8U"}, {"count": 18, "item": "DAPFUSQCU"}, {"count": 17, "item": "DA23RID06"}, {"count": 16, "item": "DA5VPCJ4B"}, {"count": 15, "item": "DABLCI8A1"}, {"count": 14, "item": "DADFMYVTX"}, {"count": 13, "item": "DAHV2YS00"}, {"count": 12, "item": "DAIGQ6WNA"}, {"count": 11, "item": "DAKORUF0H"}, {"count": 10, "item": "DALEHUAXD"}, {"count": 9, "item": "DAMHBI0AK"}, {"count": 8, "item": "DAN726HMN"}, {"count": 7, "item": "DAN9WMVR1"}, {"count": 6, "item": "DANW3E8T0"}, {"count": 5, "item": "DAOBXKU3L"}, {"count": 4, "item": "DAOLWJKC2"}, {"count": 3, "item": "DAQNHWIPH"}, {"count": 2, "item": "DARJRSGI6"}, {"count": 1, "item": "DAS4KPTMB"}], "non_null": 272801, "largest": "DAZZZIUDW", "null": 0}, "dataTypeName": "text", "width": 256, "format": {}, "fieldName": "serial_number", "renderTypeName": "text", "id": 356662171}, {"tableColumnId": 64114858, "name": "activity_date", "position": 2, "cachedContents": {"smallest": "2015-10-01T00:00:00", "top": [{"count": 20, "item": "2016-01-06T00:00:00"}, {"count": 19, "item": "2015-12-16T00:00:00"}, {"count": 18, "item": "2015-12-10T00:00:00"}, {"count": 17, "item": "2015-12-08T00:00:00"}, {"count": 16, "item": "2015-12-03T00:00:00"}, {"count": 15, "item": "2015-12-02T00:00:00"}, {"count": 14, "item": "2015-12-01T00:00:00"}, {"count": 13, "item": "2015-11-30T00:00:00"}, {"count": 12, "item": "2015-11-23T00:00:00"}, {"count": 11, "item": "2015-11-18T00:00:00"}, {"count": 10, "item": "2015-11-17T00:00:00"}, {"count": 9, "item": "2015-11-16T00:00:00"}, {"count": 8, "item": "2015-11-13T00:00:00"}, {"count": 7, "item": "2015-11-09T00:00:00"}, {"count": 6, "item": "2015-11-06T00:00:00"}, {"count": 5, "item": "2015-11-05T00:00:00"}, {"count": 4, "item": "2015-11-04T00:00:00"}, {"count": 3, "item": "2015-11-03T00:00:00"}, {"count": 2, "item": "2015-11-02T00:00:00"}, {"count": 1, "item": "2015-10-30T00:00:00"}], "non_null": 272801, "largest": "2018-03-30T00:00:00", "null": 0}, "dataTypeName": "calendar_date", "width": 256, "format": {"view": "default_date_time"}, "fieldName": "activity_date", "renderTypeName": "calendar_date", "id": 356662172}, {"tableColumnId": 64114863, "name": "facility_name", "position": 3, "cachedContents": {"smallest": ".88$ AND MORE ASIAN GROCERY", "top": [{"count": 20, "item": "COLIN FISH MARKET"}, {"count": 19, "item": "CHINATOWN EXPRESS #42"}, {"count": 18, "item": "SAM'S DONUT FACTORY"}, {"count": 17, "item": "SALGADO'S LITTLE KITCHEN"}, {"count": 16, "item": "DAILY CAFE"}, {"count": 15, "item": "RICHIE'S CAFE & GRILL"}, {"count": 14, "item": "EILAT BAKERY"}, {"count": 13, "item": "ALEXANDER'S BRITE SPOT"}, {"count": 12, "item": "QUSQO"}, {"count": 11, "item": "CAVEMAN KITCHEN"}, {"count": 10, "item": "PAYLESS FOODS MKT"}, {"count": 9, "item": "OSTIONERIA COLIMA #2"}, {"count": 8, "item": "MANDO'S RESTAURANT"}, {"count": 7, "item": "RICE BAR"}, {"count": 6, "item": "THE POST COFFEE SHOP"}, {"count": 5, "item": "MARISCOS MARIA'S EXPRESS #2"}, {"count": 4, "item": "UNION PLAZA MARKET"}, {"count": 3, "item": "LUCY'S DRIVE INC"}, {"count": 2, "item": "THE FALLS BAR"}, {"count": 1, "item": "CITIES  RESTUARNT"}], "non_null": 272801, "largest": "ZZAMONG", "null": 0}, "dataTypeName": "text", "width": 256, "format": {}, "fieldName": "facility_name", "renderTypeName": "text", "id": 356662173}, {"tableColumnId": 64114855, "name": "violation_code", "position": 4, "cachedContents": {"smallest": "F001", "top": [{"count": 20, "item": "F030"}, {"count": 19, "item": "F027"}, {"count": 18, "item": "F035"}, {"count": 17, "item": "F033"}, {"count": 16, "item": "F029"}, {"count": 15, "item": "F044"}, {"count": 14, "item": "F006"}, {"count": 13, "item": "F039"}, {"count": 12, "item": "F037"}, {"count": 11, "item": "F032"}, {"count": 10, "item": "F034"}, {"count": 9, "item": "F014"}, {"count": 8, "item": "F043"}, {"count": 7, "item": "F042"}, {"count": 6, "item": "F009"}, {"count": 5, "item": "F007"}, {"count": 4, "item": "F036"}, {"count": 3, "item": "F038"}, {"count": 2, "item": "F048"}, {"count": 1, "item": "F040"}], "non_null": 272801, "largest": "W052", "null": 0}, "dataTypeName": "text", "width": 268, "format": {}, "fieldName": "violation_code", "renderTypeName": "text", "id": 356662174}, {"tableColumnId": 64114856, "name": "violation_description", "position": 5, "cachedContents": {"smallest": "# 01a. Demonstration of knowledge", "top": [{"count": 20, "item": "# 30. Food properly stored; food storage containers identified"}, {"count": 19, "item": "# 27. Food separated and protected"}, {"count": 18, "item": "# 35. Equipment/Utensils - approved; installed; clean; good repair, capacity"}, {"count": 17, "item": "# 33. Nonfood-contact surfaces clean and in good repair"}, {"count": 16, "item": "# 29. Toxic substances properly identified, stored, used"}, {"count": 15, "item": "# 44. Floors, walls and ceilings: properly built, maintained in good repair and clean"}, {"count": 14, "item": "# 06. Adequate handwashing facilities supplied & accessible"}, {"count": 13, "item": "# 39. Wiping cloths: properly used and stored"}, {"count": 12, "item": "# 37. Adequate ventilation and lighting; designated areas, use"}, {"count": 11, "item": "# 32. Food properly labeled & honestly presented"}, {"count": 10, "item": "# 34. Warewashing facilities: Adequate, maintained, properly use, test strips available"}, {"count": 9, "item": "# 14. Food contact surfaces: clean and sanitized"}, {"count": 8, "item": "# 43. Premises; personal/cleaning items; vermin-proofing"}, {"count": 7, "item": "# 42. Toilet facilities: properly constructed, supplied, cleaned"}, {"count": 6, "item": "# 09. Proper cooling methods"}, {"count": 5, "item": "# 07. Proper hot and cold holding temperatures"}, {"count": 4, "item": "# 36. Equipment, utensils and linens: storage and use"}, {"count": 3, "item": "# 38. Thermometers provided and accurate"}, {"count": 2, "item": "# 47. Permits Available"}, {"count": 1, "item": "# 40. Plumbing: Plumbing in good repair, proper backflow devices"}], "non_null": 272801, "largest": "Walls, Floors, Ceilings: approved, maintained clean and in good repair", "null": 0}, "dataTypeName": "text", "width": 352, "format": {}, "fieldName": "violation_description", "renderTypeName": "text", "id": 356662176}, {"tableColumnId": 64114857, "name": "violation_status", "position": 6, "cachedContents": {"smallest": "HOUSING NON-CRITICAL", "top": [{"count": 20, "item": "OUT OF COMPLIANCE"}, {"count": 19, "item": "VIOLATION"}, {"count": 18, "item": "HOUSING NON-CRITICAL"}], "non_null": 272801, "largest": "VIOLATION", "null": 0}, "dataTypeName": "text", "width": 292, "format": {}, "fieldName": "violation_status", "renderTypeName": "text", "id": 356662177}, {"tableColumnId": 64114854, "name": "points", "position": 7, "cachedContents": {"smallest": "0", "sum": "362154", "average": "1.327539121924040", "largest": "11", "null": 0, "top": [{"count": 20, "item": "1"}, {"count": 19, "item": "2"}, {"count": 18, "item": "4"}, {"count": 17, "item": "0"}, {"count": 16, "item": "3"}, {"count": 15, "item": "11"}], "non_null": 272801}, "dataTypeName": "number", "width": 172, "format": {"decimalSeparator": ".", "groupSeparator": ","}, "fieldName": "points", "renderTypeName": "number", "id": 356662179}, {"tableColumnId": 64114866, "name": "grade", "position": 8, "cachedContents": {"smallest": "A", "top": [{"count": 20, "item": "A"}, {"count": 19, "item": "B"}, {"count": 18, "item": "C"}], "non_null": 272801, "largest": "C", "null": 0}, "dataTypeName": "text", "width": 160, "format": {}, "fieldName": "grade", "renderTypeName": "text", "id": 356662180}, {"tableColumnId": 64114860, "name": "facility_address", "position": 9, "cachedContents": {"smallest": "00328 E 1ST ST", "top": [{"count": 20, "item": "4873 W ADAMS BLVD"}, {"count": 19, "item": "252 S WESTERN AVE"}, {"count": 18, "item": "4834 HOLLYWOOD BLVD"}, {"count": 17, "item": "5061 ALHAMBRA AVE"}, {"count": 16, "item": "620 E EL SEGUNDO BLVD"}, {"count": 15, "item": "9045 LINCOLN BLVD"}, {"count": 14, "item": "8389 W 3RD ST"}, {"count": 13, "item": "965 N VIGNES ST STE #6"}, {"count": 12, "item": "350 N FAIRFAX AVE"}, {"count": 11, "item": "320 W 9TH ST"}, {"count": 10, "item": "1918 W SUNSET BLVD"}, {"count": 9, "item": "11633 SANTA MONICA BLVD"}, {"count": 8, "item": "2215 S VERMONT AVE STE #101"}, {"count": 7, "item": "434 N ALVARADO ST"}, {"count": 6, "item": "6483 N FIGUEROA ST"}, {"count": 5, "item": "419 W 7TH ST"}, {"count": 4, "item": "216 W 9TH ST"}, {"count": 3, "item": "2215 S VERMONT AVE STE 104"}, {"count": 2, "item": "1629 W 6TH ST"}, {"count": 1, "item": "307 E JEFFERSON BLVD # 119"}], "non_null": 272801, "largest": "OLVERA ST W17", "null": 0}, "dataTypeName": "text", "width": 292, "format": {}, "fieldName": "facility_address", "renderTypeName": "text", "id": 356662181}, {"tableColumnId": 64114861, "name": "facility_city", "position": 10, "cachedContents": {"smallest": "LOS ANGELES", "top": [{"count": 20, "item": "LOS ANGELES"}], "non_null": 272801, "largest": "LOS ANGELES", "null": 0}, "dataTypeName": "text", "width": 256, "format": {}, "fieldName": "facility_city", "renderTypeName": "text", "id": 356662182}, {"tableColumnId": 64114862, "name": "facility_id", "position": 11, "cachedContents": {"smallest": "FA0000968", "top": [{"count": 20, "item": "FA0016375"}, {"count": 19, "item": "FA0014622"}, {"count": 18, "item": "FA0031708"}, {"count": 17, "item": "FA0046714"}, {"count": 16, "item": "FA0060591"}, {"count": 15, "item": "FA0030530"}, {"count": 14, "item": "FA0012034"}, {"count": 13, "item": "FA0005734"}, {"count": 12, "item": "FA0069119"}, {"count": 11, "item": "FA0013789"}, {"count": 10, "item": "FA0044087"}, {"count": 9, "item": "FA0042748"}, {"count": 8, "item": "FA0038427"}, {"count": 7, "item": "FA0177230"}, {"count": 6, "item": "FA0072441"}, {"count": 5, "item": "FA0023826"}, {"count": 4, "item": "FA0073100"}, {"count": 3, "item": "FA0023060"}, {"count": 2, "item": "FA0037153"}, {"count": 1, "item": "FA0015482"}], "non_null": 272801, "largest": "FA0258145", "null": 0}, "dataTypeName": "text", "width": 232, "format": {}, "fieldName": "facility_id", "renderTypeName": "text", "id": 356662183}, {"tableColumnId": 64114864, "name": "facility_state", "position": 12, "cachedContents": {"smallest": "CA", "top": [{"count": 20, "item": "CA"}], "non_null": 272801, "largest": "CA", "null": 0}, "dataTypeName": "text", "width": 268, "format": {}, "fieldName": "facility_state", "renderTypeName": "text", "id": 356662184}, {"tableColumnId": 64114865, "name": "facility_zip", "position": 13, "cachedContents": {"smallest": "90001", "top": [{"count": 20, "item": "90027"}, {"count": 19, "item": "90020"}, {"count": 18, "item": "90045"}, {"count": 17, "item": "90028"}, {"count": 16, "item": "90036"}, {"count": 15, "item": "90015"}, {"count": 14, "item": "90025"}, {"count": 13, "item": "90012"}, {"count": 12, "item": "90024"}, {"count": 11, "item": "90005"}, {"count": 10, "item": "90006"}, {"count": 9, "item": "90019"}, {"count": 8, "item": "90004"}, {"count": 7, "item": "90029"}, {"count": 6, "item": "90026"}, {"count": 5, "item": "90033"}, {"count": 4, "item": "90048"}, {"count": 3, "item": "90035"}, {"count": 2, "item": "90022"}, {"count": 1, "item": "90064"}], "non_null": 272801, "largest": "92880", "null": 0}, "dataTypeName": "text", "width": 244, "format": {}, "fieldName": "facility_zip", "renderTypeName": "text", "id": 356662185}, {"tableColumnId": 64114859, "name": "employee_id", "position": 14, "cachedContents": {"smallest": "EE0000006", "top": [{"count": 20, "item": "EE0000721"}, {"count": 19, "item": "EE0000923"}, {"count": 18, "item": "EE0000740"}, {"count": 17, "item": "EE0000884"}, {"count": 16, "item": "EE0000869"}, {"count": 15, "item": "EE0000699"}, {"count": 14, "item": "EE0000854"}, {"count": 13, "item": "EE0000723"}, {"count": 12, "item": "EE0000468"}, {"count": 11, "item": "EE0000531"}, {"count": 10, "item": "EE0000633"}, {"count": 9, "item": "EE0000176"}, {"count": 8, "item": "EE0000722"}, {"count": 7, "item": "EE0001049"}, {"count": 6, "item": "EE0000857"}, {"count": 5, "item": "EE0000727"}, {"count": 4, "item": "EE0000828"}, {"count": 3, "item": "EE0000946"}, {"count": 2, "item": "EE0000659"}, {"count": 1, "item": "EE0001003"}], "non_null": 272801, "largest": "EE0001073", "null": 0}, "dataTypeName": "text", "width": 232, "format": {}, "fieldName": "employee_id", "renderTypeName": "text", "id": 356662186}, {"tableColumnId": 64114867, "name": "owner_id", "position": 15, "cachedContents": {"smallest": "OW0000002", "top": [{"count": 20, "item": "OW0024967"}, {"count": 19, "item": "OW0023871"}, {"count": 18, "item": "OW0021759"}, {"count": 17, "item": "OW0011708"}, {"count": 16, "item": "OW0003574"}, {"count": 15, "item": "OW0009339"}, {"count": 14, "item": "OW0016941"}, {"count": 13, "item": "OW0024803"}, {"count": 12, "item": "OW0013287"}, {"count": 11, "item": "OW0005410"}, {"count": 10, "item": "OW0031336"}, {"count": 9, "item": "OW0003098"}, {"count": 8, "item": "OW0030550"}, {"count": 7, "item": "OW0183186"}, {"count": 6, "item": "OW0027612"}, {"count": 5, "item": "OW0009176"}, {"count": 4, "item": "OW0007795"}, {"count": 3, "item": "OW0102992"}, {"count": 2, "item": "OW0004028"}, {"count": 1, "item": "OW0035563"}], "non_null": 272801, "largest": "OW0250394", "null": 0}, "dataTypeName": "text", "width": 196, "format": {}, "fieldName": "owner_id", "renderTypeName": "text", "id": 356662187}, {"tableColumnId": 64114868, "name": "owner_name", "position": 16, "cachedContents": {"smallest": "#1 CAFE INC", "top": [{"count": 20, "item": "MOON SUNG N."}, {"count": 19, "item": "MAZH INC."}, {"count": 18, "item": "LIM HONG EANG"}, {"count": 17, "item": "FEDERICO, CLAUDIA"}, {"count": 16, "item": "B F RODCO INC"}, {"count": 15, "item": "DAILY CAFE INC"}, {"count": 14, "item": "IN 4 DEVELOPMENT LLC"}, {"count": 13, "item": "MONBEC INC."}, {"count": 12, "item": "GJV INC"}, {"count": 11, "item": "BUENO CHI INC"}, {"count": 10, "item": "SALGUERO, WILSON"}, {"count": 9, "item": "ARREDONDO, ARTURO"}, {"count": 8, "item": "RODRIGUEZ ARMANDO A"}, {"count": 7, "item": "RICE BAR"}, {"count": 6, "item": "PARK CHAN IL"}, {"count": 5, "item": "CUEVAS, MARIA"}, {"count": 4, "item": "CHOI, ROBERT"}, {"count": 3, "item": "BRENTWOOD COUNTRY CLUB INC."}, {"count": 2, "item": "BARRETO, VIDAL"}, {"count": 1, "item": "THE FALLS BAR LIMITED PARTNE"}], "non_null": 272801, "largest": "ZYJ CORP", "null": 0}, "dataTypeName": "text", "width": 220, "format": {}, "fieldName": "owner_name", "renderTypeName": "text", "id": 356662188}, {"tableColumnId": 64114869, "name": "pe_description", "position": 17, "cachedContents": {"smallest": "FOOD MKT RETAIL (2,000+ SF) HIGH RISK", "top": [{"count": 20, "item": "RESTAURANT (31-60) SEATS HIGH RISK"}, {"count": 19, "item": "FOOD MKT RETAIL (25-1,999 SF) HIGH RISK"}, {"count": 18, "item": "RESTAURANT (31-60) SEATS MODERATE RISK"}, {"count": 17, "item": "RESTAURANT (0-30) SEATS MODERATE RISK"}, {"count": 16, "item": "RESTAURANT (0-30) SEATS HIGH RISK"}, {"count": 15, "item": "FOOD MKT RETAIL (25-1,999 SF) LOW RISK"}, {"count": 14, "item": "RESTAURANT (61-150) SEATS HIGH RISK"}, {"count": 13, "item": "FOOD MKT RETAIL (2,000+ SF) LOW RISK"}, {"count": 12, "item": "RESTAURANT (61-150) SEATS MODERATE RISK"}, {"count": 11, "item": "RESTAURANT (0-30) SEATS LOW RISK"}, {"count": 10, "item": "RESTAURANT (31-60) SEATS LOW RISK"}, {"count": 9, "item": "FOOD MKT RETAIL (2,000+ SF) HIGH RISK"}, {"count": 8, "item": "RESTAURANT (151 + ) SEATS HIGH RISK"}, {"count": 7, "item": "FOOD MKT RETAIL (25-1,999 SF) MODERATE RISK"}, {"count": 6, "item": "FOOD MKT RETAIL (2,000+ SF) MODERATE RISK"}, {"count": 5, "item": "RESTAURANT (151 + ) SEATS MODERATE RISK"}, {"count": 4, "item": "RESTAURANT (61-150) SEATS LOW RISK"}, {"count": 3, "item": "RESTAURANT (151 + ) SEATS LOW RISK"}], "non_null": 272801, "largest": "RESTAURANT (61-150) SEATS MODERATE RISK", "null": 0}, "dataTypeName": "text", "width": 268, "format": {}, "fieldName": "pe_description", "renderTypeName": "text", "id": 356662189}, {"tableColumnId": 64114870, "name": "program_element_pe", "position": 18, "cachedContents": {"smallest": "1610", "sum": "444771462", "average": "1630.387945791988", "largest": "1641", "null": 0, "top": [{"count": 20, "item": "1635"}, {"count": 19, "item": "1612"}, {"count": 18, "item": "1634"}, {"count": 17, "item": "1631"}, {"count": 16, "item": "1632"}, {"count": 15, "item": "1610"}, {"count": 14, "item": "1638"}, {"count": 13, "item": "1613"}, {"count": 12, "item": "1637"}, {"count": 11, "item": "1630"}, {"count": 10, "item": "1633"}, {"count": 9, "item": "1615"}, {"count": 8, "item": "1641"}, {"count": 7, "item": "1611"}, {"count": 6, "item": "1614"}, {"count": 5, "item": "1640"}, {"count": 4, "item": "1636"}, {"count": 3, "item": "1639"}], "non_null": 272801}, "dataTypeName": "number", "width": 316, "format": {"decimalSeparator": ".", "groupSeparator": ","}, "fieldName": "program_element_pe", "renderTypeName": "number", "id": 356662190}, {"tableColumnId": 64114871, "name": "program_name", "position": 19, "cachedContents": {"smallest": ".88$ AND MORE ASIAN GROCERY", "top": [{"count": 20, "item": "COLIN FISH MARKET"}, {"count": 19, "item": "CHINATOWN EXPRESS #42"}, {"count": 18, "item": "SAM'S DONUT FACTORY"}, {"count": 17, "item": "SALGADO'S LITTLE KITCHEN"}, {"count": 16, "item": "DAILY CAFE"}, {"count": 15, "item": "RICHIE'S CAFE & GRILL"}, {"count": 14, "item": "EILAT BAKERY"}, {"count": 13, "item": "ALEXANDER'S BRITE SPOT"}, {"count": 12, "item": "QUSQO"}, {"count": 11, "item": "CAVEMAN KITCHEN"}, {"count": 10, "item": "PAYLESS FOODS MEAT MKT"}, {"count": 9, "item": "OSTIONERIA COLIMA #2"}, {"count": 8, "item": "MANDO'S RESTAURANT"}, {"count": 7, "item": "RICE BAR"}, {"count": 6, "item": "THE POST COFFEE SHOP"}, {"count": 5, "item": "MARISCOS MARIA'S EXPRESS #2"}, {"count": 4, "item": "UNION PLAZA MARKET"}, {"count": 3, "item": "LUCY'S DRIVE INC"}, {"count": 2, "item": "THE FALLS BAR"}, {"count": 1, "item": "CITIES  RESTUARNT"}], "non_null": 272801, "largest": "ZZAMONG", "null": 0}, "dataTypeName": "text", "width": 244, "format": {}, "fieldName": "program_name", "renderTypeName": "text", "id": 356662191}, {"tableColumnId": 64114872, "name": "program_status", "position": 20, "cachedContents": {"smallest": "ACTIVE", "top": [{"count": 20, "item": "ACTIVE"}, {"count": 19, "item": "INACTIVE"}], "non_null": 272801, "largest": "INACTIVE", "null": 0}, "dataTypeName": "text", "width": 268, "format": {}, "fieldName": "program_status", "renderTypeName": "text", "id": 356662192}, {"tableColumnId": 64114873, "name": "record_id", "position": 21, "cachedContents": {"smallest": "PR0000005", "top": [{"count": 20, "item": "PR0009367"}, {"count": 19, "item": "PR0006555"}, {"count": 18, "item": "PR0021322"}, {"count": 17, "item": "PR0015101"}, {"count": 16, "item": "PR0046794"}, {"count": 15, "item": "PR0026549"}, {"count": 14, "item": "PR0047748"}, {"count": 13, "item": "PR0043106"}, {"count": 12, "item": "PR0001863"}, {"count": 11, "item": "PR0031876"}, {"count": 10, "item": "PR0019569"}, {"count": 9, "item": "PR0016413"}, {"count": 8, "item": "PR0008421"}, {"count": 7, "item": "PR0170194"}, {"count": 6, "item": "PR0020246"}, {"count": 5, "item": "PR0046487"}, {"count": 4, "item": "PR0045618"}, {"count": 3, "item": "PR0003800"}, {"count": 2, "item": "PR0041760"}, {"count": 1, "item": "PR0033088"}], "non_null": 272801, "largest": "PR0208131", "null": 0}, "dataTypeName": "text", "width": 208, "format": {}, "fieldName": "record_id", "renderTypeName": "text", "id": 356662193}, {"tableColumnId": 64114874, "name": "score", "position": 22, "cachedContents": {"smallest": "64", "sum": "24952067", "average": "91.46618597439159", "largest": "100", "null": 0, "top": [{"count": 20, "item": "92"}, {"count": 19, "item": "97"}, {"count": 18, "item": "93"}, {"count": 17, "item": "94"}, {"count": 16, "item": "99"}, {"count": 15, "item": "90"}, {"count": 14, "item": "98"}, {"count": 13, "item": "96"}, {"count": 12, "item": "91"}, {"count": 11, "item": "95"}, {"count": 10, "item": "80"}, {"count": 9, "item": "87"}, {"count": 8, "item": "83"}, {"count": 7, "item": "71"}, {"count": 6, "item": "85"}, {"count": 5, "item": "82"}, {"count": 4, "item": "86"}, {"count": 3, "item": "84"}, {"count": 2, "item": "88"}, {"count": 1, "item": "77"}], "non_null": 272801}, "dataTypeName": "number", "width": 160, "format": {"decimalSeparator": ".", "groupSeparator": ","}, "fieldName": "score", "renderTypeName": "number", "id": 356662194}, {"tableColumnId": 64114875, "name": "service_code", "position": 23, "cachedContents": {"smallest": "1", "sum": "2160801", "average": "7.920795744883633", "largest": "401", "null": 0, "top": [{"count": 20, "item": "1"}, {"count": 19, "item": "401"}], "non_null": 272801}, "dataTypeName": "number", "width": 244, "format": {"decimalSeparator": ".", "groupSeparator": ","}, "fieldName": "service_code", "renderTypeName": "number", "id": 356662195}, {"tableColumnId": 64114876, "name": "service_description", "position": 24, "cachedContents": {"smallest": "OWNER INITIATED ROUTINE INSPECT.", "top": [{"count": 20, "item": "ROUTINE INSPECTION"}, {"count": 19, "item": "OWNER INITIATED ROUTINE INSPECT."}], "non_null": 272801, "largest": "ROUTINE INSPECTION", "null": 0}, "dataTypeName": "text", "width": 328, "format": {}, "fieldName": "service_description", "renderTypeName": "text", "id": 356662196}, {"tableColumnId": 64117068, "name": "row_id", "position": 25, "cachedContents": {"smallest": "DA000ADVGF035", "top": [{"count": 20, "item": "DAXV0IVUCF025"}, {"count": 19, "item": "DAY15G0J8F052"}, {"count": 18, "item": "DAY15G0J8F043"}, {"count": 17, "item": "DAY15G0J8F040"}, {"count": 16, "item": "DAY15G0J8F039"}, {"count": 15, "item": "DAY15G0J8F036"}, {"count": 14, "item": "DAYKBV0HZF040"}, {"count": 13, "item": "DAYKBV0HZF035"}, {"count": 12, "item": "DAYKBV0HZF007"}, {"count": 11, "item": "DAYKBV0HZF033"}, {"count": 10, "item": "DAYKBV0HZF038"}, {"count": 9, "item": "DAYKBV0HZF043"}, {"count": 8, "item": "DAYKBV0HZF044"}, {"count": 7, "item": "DAYKBV0HZF047"}, {"count": 6, "item": "DAYKBV0HZF029"}, {"count": 5, "item": "DAYKBV0HZF025"}, {"count": 4, "item": "DAZ4S04P2F007"}, {"count": 3, "item": "DAZ4S04P2F044"}, {"count": 2, "item": "DAZ4S04P2F035"}, {"count": 1, "item": "DAZ4S04P2F036"}], "non_null": 272801, "largest": "DAZZZIUDWF044", "null": 0}, "dataTypeName": "text", "width": 100, "format": {}, "fieldName": "row_id", "renderTypeName": "text", "id": 356679674}], "licenseId": "USGOV_WORKS", "attributionLink": "https://data.lacounty.gov/Health/LOS-ANGELES-COUNTY-RESTAURANT-AND-MARKET-VIOLATION/8jyd-4pv9", "locale": "en_US", "rowClass": "", "averageRating": 0, "totalTimesRated": 0, "createdAt": 1524681127, "attribution": "County of Los Angeles Public Health", "publicationDate": 1524686274, "rowIdentifierColumnId": 356679674, "viewCount": 104, "flags": ["default", "restorable", "restorePossibleForType"], "query": {}, "newBackend": false, "owner": {"displayName": "Adam Scherling", "type": "interactive", "id": "nnac-z9x3", "screenName": "Adam Scherling"}, "name": "Restaurant and Market Health Violations", "tableAuthor": {"displayName": "Adam Scherling", "type": "interactive", "id": "nnac-z9x3", "screenName": "Adam Scherling"}, "category": "A Safe City", "rowsUpdatedAt": 1524686038, "publicationStage": "published", "displayType": "table", "indexUpdatedAt": 1524688646}